{
  "coin": {
    "name": "Bcash Testnet",
    "shortcut": "TBCH",
    "label": "Bitcoin Cash Testnet",
    "alias": "bcash_testnet"
  },
  "ports": {
    "backend_rpc": 18031,
    "backend_message_queue": 48331,
    "blockbook_internal": 19031,
    "blockbook_public": 19131
  },
  "ipc": {
    "rpc_url_template": "http://127.0.0.1:{{.Ports.BackendRPC}}",
    "rpc_user": "rpc",
    "rpc_pass": "rpc",
    "rpc_timeout": 25,
    "message_queue_binding_template": "tcp://127.0.0.1:{{.Ports.BackendMessageQueue}}"
  },
  "backend": {
    "package_name": "backend-bcash-testnet",
    "package_revision": "satoshilabs-1",
    "system_user": "bcash",
    "version": "22.1.0",
    "binary_url": "https://github.com/bitcoin-cash-node/bitcoin-cash-node/releases/download/v22.1.0/bitcoin-cash-node-22.1.0-x86_64-linux-gnu.tar.gz",
    "verification_type": "sha256",
    "verification_source": "aa1002d51833b0de44084bde09951223be4f9c455427aef277f91dacd2f0f657",
    "extract_command": "tar -C backend --strip 1 -xf",
    "exclude_files": [
      "bin/bitcoin-qt"
    ],
    "exec_command_template": "{{.Env.BackendInstallPath}}/{{.Coin.Alias}}/bin/bitcoind -datadir={{.Env.BackendDataPath}}/{{.Coin.Alias}}/backend -conf={{.Env.BackendInstallPath}}/{{.Coin.Alias}}/{{.Coin.Alias}}.conf -pid=/run/{{.Coin.Alias}}/{{.Coin.Alias}}.pid",
    "logrotate_files_template": "{{.Env.BackendDataPath}}/{{.Coin.Alias}}/backend/testnet3/*.log",
    "postinst_script_template": "",
    "service_type": "forking",
    "service_additional_params_template": "",
    "protect_memory": true,
    "mainnet": false,
    "server_config_file": "bitcoin.conf",
    "client_config_file": "bitcoin_client.conf"
  },
  "blockbook": {
    "package_name": "blockbook-bcash-testnet",
    "system_user": "blockbook-bcash",
    "internal_binding_template": ":{{.Ports.BlockbookInternal}}",
    "public_binding_template": ":{{.Ports.BlockbookPublic}}",
    "explorer_url": "",
    "additional_params": "",
    "block_chain": {
      "parse": true,
      "subversion": "/Bitcoin ABC Cash Node:22.1.0/",
      "address_format": "cashaddr",
      "mempool_workers": 8,
      "mempool_sub_workers": 2,
      "block_addresses_to_keep": 300,
      "xpub_magic": 70617039,
      "slip44": 1,
      "additional_params": {}
    }
  },
  "meta": {
    "package_maintainer": "IT",
    "package_maintainer_email": "it@satoshilabs.com"
  }
}
