{
  "coin": {
      "name": "Bitcore",
      "shortcut": "BTX",
      "label": "Bitcore",
      "alias": "bitcore"
  },
  "ports": {
    "backend_rpc": 8054,
    "backend_message_queue": 38354,
    "blockbook_internal": 9054,
    "blockbook_public": 9154
  },
  "ipc": {
    "rpc_url_template": "http://127.0.0.1:{{.Ports.BackendRPC}}",
    "rpc_user": "rpc",
    "rpc_pass": "rpc",
    "rpc_timeout": 25,
    "message_queue_binding_template": "tcp://127.0.0.1:{{.Ports.BackendMessageQueue}}"
  },
  "backend": {
    "package_name": "backend-bitcore",
    "package_revision": "satoshilabs-1",
    "system_user": "bitcore",
    "version": "0.15.2.1",
    "binary_url": "https://github.com/dalijolijo/BitCore/releases/download/0.15.2.1/bitcore-0.15.2.1-x86_64-linux-gnu_no-wallet.tar.gz",
    "verification_type": "sha256",
    "verification_source": "4e47b33d5fa7d67151c9860f4cd19c99a55d42b27c170bd2391988c67aa24fc8",
    "extract_command": "tar -C backend -xf",
    "exclude_files": [
      "bin/bitcore-qt",
      "bin/test_bitcore-qt",
      "bin/bench_bitcore",
      "bin/test_bitcore"
    ],
    "exec_command_template": "{{.Env.BackendInstallPath}}/{{.Coin.Alias}}/bin/bitcored -datadir={{.Env.BackendDataPath}}/{{.Coin.Alias}}/backend -conf={{.Env.BackendInstallPath}}/{{.Coin.Alias}}/{{.Coin.Alias}}.conf -pid=/run/{{.Coin.Alias}}/{{.Coin.Alias}}.pid",
    "logrotate_files_template": "{{.Env.BackendDataPath}}/{{.Coin.Alias}}/backend/*.log",
    "postinst_script_template": "",
    "service_type": "forking",
    "service_additional_params_template": "",
    "protect_memory": true,
    "mainnet": true,
    "server_config_file": "bitcoin_like.conf",
    "client_config_file": "bitcoin_like_client.conf",
    "additional_params": {
      "whitelist": "127.0.0.1"
    }
  },
  "blockbook": {
    "package_name": "blockbook-bitcore",
    "system_user": "blockbook-bitcore",
    "internal_binding_template": ":{{.Ports.BlockbookInternal}}",
    "public_binding_template": ":{{.Ports.BlockbookPublic}}",
    "explorer_url": "",
    "additional_params": "",
    "block_chain": {
      "parse": true,
      "mempool_workers": 8,
      "mempool_sub_workers": 2,
      "block_addresses_to_keep": 300,
      "additional_params": {
        "fiat_rates": "coingecko",
        "fiat_rates_params": "{\"url\": \"https://api.coingecko.com/api/v3\", \"coin\": \"bitcore\", \"periodSeconds\": 60}"
      }
    }
  },
  "meta": {
    "package_maintainer": "LIMXTEC",
    "package_maintainer_email": "info@bitcore.cc"
  }
}
