{
    "coin": {
      "name": "BitZeny",
      "shortcut": "ZNY",
      "label": "BitZeny",
      "alias": "bitzeny"
    },
    "ports": {
      "backend_rpc": 8095,
      "backend_message_queue": 38395,
      "blockbook_internal": 9095,
      "blockbook_public": 9195
    },
    "ipc": {
      "rpc_url_template": "http://127.0.0.1:{{.Ports.BackendRPC}}",
      "rpc_user": "rpc",
      "rpc_pass": "rpc",
      "rpc_timeout": 25,
      "message_queue_binding_template": "tcp://127.0.0.1:{{.Ports.BackendMessageQueue}}"
    },
    "backend": {
      "package_name": "backend-bitzeny",
      "package_revision": "satoshilabs-1",
      "system_user": "bitzeny",
      "version": "2.0.2",
      "binary_url": "https://github.com/BitzenyCoreDevelopers/bitzeny/releases/download/z2.0.2/bitzeny-2.0.2-x86_64-linux-gnu.tar.gz",
      "verification_type": "sha256",
      "verification_source": "d7dcc51fc60abee2b1f3befa0265ddf40e7d38a2266af94c14242db121b98d41",
      "extract_command": "tar -C backend --strip 1 -xf",
      "exclude_files": [
        "bin/bitzeny-qt"
      ],
      "exec_command_template": "{{.Env.BackendInstallPath}}/{{.Coin.Alias}}/bin/bitzenyd -datadir={{.Env.BackendDataPath}}/{{.Coin.Alias}}/backend -conf={{.Env.BackendInstallPath}}/{{.Coin.Alias}}/{{.Coin.Alias}}.conf -pid=/run/{{.Coin.Alias}}/{{.Coin.Alias}}.pid",
      "logrotate_files_template": "{{.Env.BackendDataPath}}/{{.Coin.Alias}}/backend/*.log",
      "postinst_script_template": "",
      "service_type": "forking",
      "service_additional_params_template": "",
      "protect_memory": true,
      "mainnet": true,
      "server_config_file": "bitcoin_like.conf",
      "client_config_file": "bitcoin_like_client.conf",
      "additional_params": {
        "whitelist": "127.0.0.1"
      }
    },
    "blockbook": {
      "package_name": "blockbook-bitzeny",
      "system_user": "blockbook-bitzeny",
      "internal_binding_template": ":{{.Ports.BlockbookInternal}}",
      "public_binding_template": ":{{.Ports.BlockbookPublic}}",
      "explorer_url": "",
      "additional_params": "",
      "block_chain": {
        "parse": true,
        "mempool_workers": 8,
        "mempool_sub_workers": 2,
        "block_addresses_to_keep": 300,
        "xpub_magic": 76067358,
        "xpub_magic_segwit_p2sh": 77429938,
        "xpub_magic_segwit_native": 78792518,
        "slip44": 123,
        "additional_params": {}
      }
    },
    "meta": {
      "package_maintainer": "ilmango-doge",
      "package_maintainer_email": "ilmango.doge@gmail.com"
    }
  }