{
  "coin": {
    "name": "CPUchain",
    "shortcut": "CPU",
    "label": "CPUchain",
    "alias": "CPUchain"
  },
  "ports": {
    "backend_rpc": 8090,
    "backend_message_queue": 38390,
    "blockbook_internal": 9090,
    "blockbook_public": 9190
  },
  "ipc": {
    "rpc_url_template": "http://127.0.0.1:{{.Ports.BackendRPC}}",
    "rpc_user": "rpc",
    "rpc_pass": "rpc",
    "rpc_timeout": 25,
    "message_queue_binding_template": "tcp://127.0.0.1:{{.Ports.BackendMessageQueue}}"
  },
  "backend": {
    "package_name": "backend-cpuchain",
    "package_revision": "satoshilabs-1",
    "system_user": "cpuchain",
    "version": "0.16.3",
    "binary_url": "https://github.com/cpuchain/cpuchain/releases/download/v0.18.1/cpuchain-0.18.1-x86_64-linux-gnu.tar.gz",
    "verification_type": "gpg-sha256",
    "verification_source": "https://github.com/cpuchain/cpuchain/releases/download/v0.18.1/SHA256SUMS.asc",
    "extract_command": "tar -C backend --strip 1 -xf",
    "exclude_files": [
      "bin/cpuchain-qt"
    ],
    "exec_command_template": "{{.Env.BackendInstallPath}}/{{.Coin.Alias}}/bin/cpuchaind -datadir={{.Env.BackendDataPath}}/{{.Coin.Alias}}/backend -conf={{.Env.BackendInstallPath}}/{{.Coin.Alias}}/{{.Coin.Alias}}.conf -pid=/run/{{.Coin.Alias}}/{{.Coin.Alias}}.pid",
    "logrotate_files_template": "{{.Env.BackendDataPath}}/{{.Coin.Alias}}/backend/*.log",
    "postinst_script_template": "",
    "service_type": "forking",
    "service_additional_params_template": "",
    "protect_memory": true,
    "mainnet": true,
    "server_config_file": "bitcoin_like.conf",
    "client_config_file": "bitcoin_like_client.conf",
    "additional_params": {
      "whitelist": "127.0.0.1"
    }
  },
  "blockbook": {
    "package_name": "blockbook-cpuchain",
    "system_user": "blockbook-cpuchain",
    "internal_binding_template": ":{{.Ports.BlockbookInternal}}",
    "public_binding_template": ":{{.Ports.BlockbookPublic}}",
    "explorer_url": "",
    "additional_params": "",
    "block_chain": {
      "parse": true,
      "subversion": "/CPUchain:0.18.1/",
      "mempool_workers": 8,
      "mempool_sub_workers": 2,
      "block_addresses_to_keep": 300,
      "xpub_magic": 76067358,
      "xpub_magic_segwit_p2sh": 77429938,
      "xpub_magic_segwit_native": 78792518,
      "slip44": 363,
      "additional_params": {}
    }
  },
  "meta": {
    "package_maintainer": "Min Khang Aung",
    "package_maintainer_email": "info@cpuchain.org"
  }
}
