{
  "coin": {
    "name": "Dash",
    "shortcut": "DASH",
    "label": "Dash",
    "alias": "dash"
  },
  "ports": {
    "backend_rpc": 8033,
    "backend_message_queue": 38333,
    "blockbook_internal": 9033,
    "blockbook_public": 9133
  },
  "ipc": {
    "rpc_url_template": "http://127.0.0.1:{{.Ports.BackendRPC}}",
    "rpc_user": "rpc",
    "rpc_pass": "rpc",
    "rpc_timeout": 25,
    "message_queue_binding_template": "tcp://127.0.0.1:{{.Ports.BackendMessageQueue}}"
  },
  "backend": {
    "package_name": "backend-dash",
    "package_revision": "satoshilabs-1",
    "system_user": "dash",
    "version": "0.16.0.1",
    "binary_url": "https://github.com/dashpay/dash/releases/download/v0.16.0.1/dashcore-0.16.0.1-x86_64-linux-gnu.tar.gz",
    "verification_type": "gpg-sha256",
    "verification_source": "https://github.com/dashpay/dash/releases/download/v0.16.0.1/SHA256SUMS.asc",
    "extract_command": "tar -C backend --strip 1 -xf",
    "exclude_files": [
      "bin/dash-qt"
    ],
    "exec_command_template": "{{.Env.BackendInstallPath}}/{{.Coin.Alias}}/bin/dashd -deprecatedrpc=estimatefee -datadir={{.Env.BackendDataPath}}/{{.Coin.Alias}}/backend -conf={{.Env.BackendInstallPath}}/{{.Coin.Alias}}/{{.Coin.Alias}}.conf -pid=/run/{{.Coin.Alias}}/{{.Coin.Alias}}.pid",
    "logrotate_files_template": "{{.Env.BackendDataPath}}/{{.Coin.Alias}}/backend/*.log",
    "postinst_script_template": "",
    "service_type": "forking",
    "service_additional_params_template": "",
    "protect_memory": true,
    "mainnet": true,
    "server_config_file": "bitcoin_like.conf",
    "client_config_file": "bitcoin_like_client.conf",
    "additional_params": {
      "mempoolexpiry": 72
    }
  },
  "blockbook": {
    "package_name": "blockbook-dash",
    "system_user": "blockbook-dash",
    "internal_binding_template": ":{{.Ports.BlockbookInternal}}",
    "public_binding_template": ":{{.Ports.BlockbookPublic}}",
    "explorer_url": "",
    "additional_params": "",
    "block_chain": {
      "parse": true,
      "subversion": "/Dash Core:0.14.0.5/",
      "mempool_workers": 8,
      "mempool_sub_workers": 2,
      "block_addresses_to_keep": 300,
      "xpub_magic": 50221772,
      "slip44": 5,
      "additional_params": {
        "fiat_rates": "coingecko",
        "fiat_rates_params": "{\"url\": \"https://api.coingecko.com/api/v3\", \"coin\": \"dash\", \"periodSeconds\": 60}"
      }
    }
  },
  "meta": {
    "package_maintainer": "IT Admin",
    "package_maintainer_email": "it@satoshilabs.com"
  }
}
