{
  "coin": {
    "name": "Dogecoin",
    "shortcut": "DOGE",
    "label": "Dogecoin",
    "alias": "dogecoin"
  },
  "ports": {
    "backend_rpc": 8038,
    "backend_message_queue": 38338,
    "blockbook_internal": 9038,
    "blockbook_public": 9138
  },
  "ipc": {
    "rpc_url_template": "http://127.0.0.1:{{.Ports.BackendRPC}}",
    "rpc_user": "rpc",
    "rpc_pass": "rpcp",
    "rpc_timeout": 25,
    "message_queue_binding_template": "tcp://127.0.0.1:{{.Ports.BackendMessageQueue}}"
  },
  "backend": {
    "package_name": "backend-dogecoin",
    "package_revision": "satoshilabs-1",
    "system_user": "dogecoin",
    "version": "1.14.2",
    "binary_url": "https://github.com/dogecoin/dogecoin/releases/download/v1.14.2/dogecoin-1.14.2-x86_64-linux-gnu.tar.gz",
    "verification_type": "sha256",
    "verification_source": "10c400c8f2039b1f804b8a533266201a9e4e3b32a8854501e8a43792e1ee78e6",
    "extract_command": "tar -C backend --strip 1 -xf",
    "exclude_files": [
      "bin/dogecoin-qt"
    ],
    "exec_command_template": "{{.Env.BackendInstallPath}}/{{.Coin.Alias}}/bin/dogecoind -datadir={{.Env.BackendDataPath}}/{{.Coin.Alias}}/backend -conf={{.Env.BackendInstallPath}}/{{.Coin.Alias}}/{{.Coin.Alias}}.conf -pid=/run/{{.Coin.Alias}}/{{.Coin.Alias}}.pid",
    "logrotate_files_template": "{{.Env.BackendDataPath}}/{{.Coin.Alias}}/backend/*.log",
    "postinst_script_template": "",
    "service_type": "forking",
    "service_additional_params_template": "",
    "protect_memory": false,
    "mainnet": true,
    "server_config_file": "bitcoin_like.conf",
    "client_config_file": "bitcoin_like_client.conf",
    "additional_params": {
      "discover": 0,
      "rpcthreads": 16,
      "upnp": 0,
      "whitelist": "127.0.0.1"
    }
  },
  "blockbook": {
    "package_name": "blockbook-dogecoin",
    "system_user": "blockbook-dogecoin",
    "internal_binding_template": ":{{.Ports.BlockbookInternal}}",
    "public_binding_template": ":{{.Ports.BlockbookPublic}}",
    "explorer_url": "",
    "additional_params": "-resyncindexperiod=30011 -resyncmempoolperiod=2011",
    "block_chain": {
      "parse": true,
      "mempool_workers": 8,
      "mempool_sub_workers": 2,
      "block_addresses_to_keep": 300,
      "xpub_magic": 49990397,
      "slip44": 3,
      "additional_params": {
        "fiat_rates": "coingecko",
        "fiat_rates_params": "{\"url\": \"https://api.coingecko.com/api/v3\", \"coin\": \"dogecoin\", \"periodSeconds\": 60}"
      }
    }
  },
  "meta": {
    "package_maintainer": "IT Admin",
    "package_maintainer_email": "it@satoshilabs.com"
  }
}
