{
  "coin": {
    "name": "Fujicoin",
    "shortcut": "FJC",
    "label": "Fujicoin",
    "alias": "fujicoin"
  },
  "ports": {
    "backend_rpc": 8048,
    "backend_message_queue": 38348,
    "blockbook_internal": 9048,
    "blockbook_public": 9148
  },
  "ipc": {
    "rpc_url_template": "http://127.0.0.1:{{.Ports.BackendRPC}}",
    "rpc_user": "rpc",
    "rpc_pass": "rpc",
    "rpc_timeout": 25,
    "message_queue_binding_template": "tcp://127.0.0.1:{{.Ports.BackendMessageQueue}}"
  },
  "backend": {
    "package_name": "backend-fujicoin",
    "package_revision": "satoshilabs-1",
    "system_user": "fujicoin",
    "version": "0.16.3",
    "binary_url": "https://www.fujicoin.org/fujicoin/3.0/fujicoin-blockbook.tar.gz",
    "verification_type": "gpg-sha256",
    "verification_source": "https://www.fujicoin.org/fujicoin/3.0/SHA256SUMS.asc",
    "extract_command": "tar -C backend -xf",
    "exclude_files": [],
    "exec_command_template": "{{.Env.BackendInstallPath}}/{{.Coin.Alias}}/fujicoind -datadir={{.Env.BackendDataPath}}/{{.Coin.Alias}}/backend -conf={{.Env.BackendInstallPath}}/{{.Coin.Alias}}/{{.Coin.Alias}}.conf -pid=/run/{{.Coin.Alias}}/{{.Coin.Alias}}.pid",
    "logrotate_files_template": "{{.Env.BackendDataPath}}/{{.Coin.Alias}}/backend/*.log",
    "postinst_script_template": "",
    "service_type": "forking",
    "service_additional_params_template": "",
    "protect_memory": true,
    "mainnet": true,
    "server_config_file": "bitcoin_like.conf",
    "client_config_file": "bitcoin_like_client.conf",
    "additional_params": {}
  },
  "blockbook": {
    "package_name": "blockbook-fujicoin",
    "system_user": "blockbook-fujicoin",
    "internal_binding_template": ":{{.Ports.BlockbookInternal}}",
    "public_binding_template": ":{{.Ports.BlockbookPublic}}",
    "explorer_url": "",
    "additional_params": "",
    "block_chain": {
      "parse": true,
      "mempool_workers": 8,
      "mempool_sub_workers": 2,
      "block_addresses_to_keep": 300,
      "xpub_magic": 76067358,
      "xpub_magic_segwit_p2sh": 77429938,
      "xpub_magic_segwit_native": 78792518,
      "slip44": 75,
      "additional_params": {}
    }
  },
  "meta": {
    "package_maintainer": "Motty",
    "package_maintainer_email": "fujicoin@gmail.com"
  }
}