{
  "coin": {
    "name": "Liquid",
    "shortcut": "L-BTC",
    "label": "Liquid",
    "alias": "liquid"
  },
  "ports": {
    "backend_rpc": 8047,
    "backend_message_queue": 38347,
    "blockbook_internal": 9047,
    "blockbook_public": 9147
  },
  "ipc": {
    "rpc_url_template": "http://127.0.0.1:{{.Ports.BackendRPC}}",
    "rpc_user": "rpc",
    "rpc_pass": "rpc",
    "rpc_timeout": 25,
    "message_queue_binding_template": "tcp://127.0.0.1:{{.Ports.BackendMessageQueue}}"
  },
  "backend": {
    "package_name": "backend-liquid",
    "package_revision": "satoshilabs-1",
    "system_user": "liquid",
    "version": "3.14.1.21",
    "binary_url": "https://github.com/Blockstream/liquid/releases/download/liquid.3.14.1.21/liquid-3.14.1.21-x86_64-linux-gnu.tar.gz",
    "verification_type": "sha256",
    "verification_source": "ea2836aa267b32b29e890acdd5e724b4be225c34891fd26426ce741c12c1e166",
    "extract_command": "tar -C backend --strip 1 -xf",
    "exclude_files": [
      "bin/test_elements"
    ],
    "exec_command_template": "{{.Env.BackendInstallPath}}/{{.Coin.Alias}}/bin/liquidd -datadir={{.Env.BackendDataPath}}/{{.Coin.Alias}}/backend -conf={{.Env.BackendInstallPath}}/{{.Coin.Alias}}/{{.Coin.Alias}}.conf -pid=/run/{{.Coin.Alias}}/{{.Coin.Alias}}.pid",
    "logrotate_files_template": "{{.Env.BackendDataPath}}/{{.Coin.Alias}}/backend/liquidv1/*.log",
    "postinst_script_template": "",
    "service_type": "forking",
    "service_additional_params_template": "",
    "protect_memory": true,
    "mainnet": true,
    "server_config_file": "bitcoin_like.conf",
    "client_config_file": "bitcoin_like_client.conf",
    "additional_params": {
      "deprecatedrpc": "estimatefee",
      "mainchainrpcport": "8030",
      "mainchainrpcuser": "rpc",
      "mainchainrpcpassword": "rpc"
    }
  },
  "blockbook": {
    "package_name": "blockbook-liquid",
    "system_user": "blockbook-liquid",
    "internal_binding_template": ":{{.Ports.BlockbookInternal}}",
    "public_binding_template": ":{{.Ports.BlockbookPublic}}",
    "explorer_url": "",
    "additional_params": "",
    "block_chain": {
      "parse": true,
      "mempool_workers": 8,
      "mempool_sub_workers": 2,
      "block_addresses_to_keep": 300,
      "additional_params": {}
    }
  },
  "meta": {
    "package_maintainer": "Martin Bohm",
    "package_maintainer_email": "martin.bohm@satoshilabs.com"
  }
}