{
  "coin": {
    "name": "Litecoin Testnet",
    "shortcut": "tLTC",
    "label": "Litecoin Testnet",
    "alias": "litecoin_testnet"
  },
  "ports": {
    "backend_rpc": 18034,
    "backend_message_queue": 48334,
    "blockbook_internal": 19034,
    "blockbook_public": 19134
  },
  "ipc": {
    "rpc_url_template": "http://127.0.0.1:{{.Ports.BackendRPC}}",
    "rpc_user": "rpc",
    "rpc_pass": "rpc",
    "rpc_timeout": 25,
    "message_queue_binding_template": "tcp://127.0.0.1:{{.Ports.BackendMessageQueue}}"
  },
  "backend": {
    "package_name": "backend-litecoin-testnet",
    "package_revision": "satoshilabs-1",
    "system_user": "litecoin",
    "version": "0.18.1",
    "binary_url": "https://download.litecoin.org/litecoin-0.18.1/linux/litecoin-0.18.1-x86_64-linux-gnu.tar.gz",
    "verification_type": "gpg-sha256",
    "verification_source": "https://download.litecoin.org/litecoin-0.18.1/linux/litecoin-0.18.1-linux-signatures.asc",
    "extract_command": "tar -C backend --strip 1 -xf",
    "exclude_files": [
      "bin/litecoin-qt"
    ],
    "exec_command_template": "{{.Env.BackendInstallPath}}/{{.Coin.Alias}}/bin/litecoind -datadir={{.Env.BackendDataPath}}/{{.Coin.Alias}}/backend -conf={{.Env.BackendInstallPath}}/{{.Coin.Alias}}/{{.Coin.Alias}}.conf -pid=/run/{{.Coin.Alias}}/{{.Coin.Alias}}.pid",
    "logrotate_files_template": "{{.Env.BackendDataPath}}/{{.Coin.Alias}}/backend/testnet4/*.log",
    "postinst_script_template": "",
    "service_type": "forking",
    "service_additional_params_template": "",
    "protect_memory": true,
    "mainnet": false,
    "server_config_file": "bitcoin_like.conf",
    "client_config_file": "bitcoin_like_client.conf",
    "additional_params": {
      "whitelist": "127.0.0.1"
    }
  },
  "blockbook": {
    "package_name": "blockbook-litecoin-testnet",
    "system_user": "blockbook-litecoin",
    "internal_binding_template": ":{{.Ports.BlockbookInternal}}",
    "public_binding_template": ":{{.Ports.BlockbookPublic}}",
    "explorer_url": "",
    "additional_params": "",
    "block_chain": {
      "parse": true,
      "mempool_workers": 8,
      "mempool_sub_workers": 2,
      "block_addresses_to_keep": 300,
      "xpub_magic": 70617039,
      "xpub_magic_segwit_p2sh": 71979618,
      "xpub_magic_segwit_native": 73342198,
      "slip44": 1,
      "additional_params": {}
    }
  },
  "meta": {
    "package_maintainer": "IT",
    "package_maintainer_email": "it@satoshilabs.com"
  }
}