{
  "coin": {
    "name": "Vertcoin",
    "shortcut": "VTC",
    "label": "Vertcoin",
    "alias": "vertcoin"
  },
  "ports": {
    "backend_rpc": 8040,
    "backend_message_queue": 38340,
    "blockbook_internal": 9040,
    "blockbook_public": 9140
  },
  "ipc": {
    "rpc_url_template": "http://127.0.0.1:{{.Ports.BackendRPC}}",
    "rpc_user": "rpc",
    "rpc_pass": "rpc",
    "rpc_timeout": 25,
    "message_queue_binding_template": "tcp://127.0.0.1:{{.Ports.BackendMessageQueue}}"
  },
  "backend": {
    "package_name": "backend-vertcoin",
    "package_revision": "satoshilabs-1",
    "system_user": "vertcoin",
    "version": "0.15.0.1",
    "binary_url": "https://github.com/vertcoin-project/vertcoin-core/releases/download/0.15.0.1/vertcoind-v0.15.0.1-linux-amd64.zip",
    "verification_type": "gpg",
    "verification_source": "https://github.com/vertcoin-project/vertcoin-core/releases/download/0.15.0.1/vertcoind-v0.15.0.1-linux-amd64.zip.sig",
    "extract_command": "unzip -d backend",
    "exclude_files": [],
    "exec_command_template": "{{.Env.BackendInstallPath}}/{{.Coin.Alias}}/vertcoind -datadir={{.Env.BackendDataPath}}/{{.Coin.Alias}}/backend -conf={{.Env.BackendInstallPath}}/{{.Coin.Alias}}/{{.Coin.Alias}}.conf -pid=/run/{{.Coin.Alias}}/{{.Coin.Alias}}.pid",
    "logrotate_files_template": "{{.Env.BackendDataPath}}/{{.Coin.Alias}}/backend/*.log",
    "postinst_script_template": "",
    "service_type": "forking",
    "service_additional_params_template": "",
    "protect_memory": true,
    "mainnet": true,
    "server_config_file": "bitcoin_like.conf",
    "client_config_file": "bitcoin_like_client.conf",
    "additional_params": {
      "whitelist": "127.0.0.1"
    }
  },
  "blockbook": {
    "package_name": "blockbook-vertcoin",
    "system_user": "blockbook-vertcoin",
    "internal_binding_template": ":{{.Ports.BlockbookInternal}}",
    "public_binding_template": ":{{.Ports.BlockbookPublic}}",
    "explorer_url": "",
    "additional_params": "",
    "block_chain": {
      "parse": true,
      "mempool_workers": 8,
      "mempool_sub_workers": 2,
      "block_addresses_to_keep": 1000,
      "xpub_magic": 76067358,
      "xpub_magic_segwit_p2sh": 77429938,
      "xpub_magic_segwit_native": 78792518,
      "slip44": 28,
      "additional_params": {
        "fiat_rates": "coingecko",
        "fiat_rates_params": "{\"url\": \"https://api.coingecko.com/api/v3\", \"coin\": \"vertcoin\", \"periodSeconds\": 60}"
      }
    }
  },
  "meta": {
    "package_maintainer": "Petr Kracik",
    "package_maintainer_email": "petr.kracik@satoshilabs.com"
  }
}
