{
  "coin": {
      "name": "Vertcoin Testnet",
      "shortcut": "TVTC",
      "label": "Vertcoin Testnet",
      "alias": "vertcoin_testnet"
  },
  "ports": {
    "backend_rpc": 18040,
    "backend_message_queue": 48340,
    "blockbook_internal": 19040,
    "blockbook_public": 19140
  },
  "ipc": {
    "rpc_url_template": "http://127.0.0.1:{{.Ports.BackendRPC}}",
    "rpc_user": "rpc",
    "rpc_pass": "rpc",
    "rpc_timeout": 25,
    "message_queue_binding_template": "tcp://127.0.0.1:{{.Ports.BackendMessageQueue}}"
  },
  "backend": {
    "package_name": "backend-vertcoin-testnet",
    "package_revision": "satoshilabs-1",
    "system_user": "vertcoin",
    "version": "0.15.0.1",
    "binary_url": "https://github.com/vertcoin-project/vertcoin-core/releases/download/0.15.0.1/vertcoind-v0.15.0.1-linux-amd64.zip",
    "verification_type": "gpg",
    "verification_source": "https://github.com/vertcoin-project/vertcoin-core/releases/download/0.15.0.1/vertcoind-v0.15.0.1-linux-amd64.zip.sig",
    "extract_command": "unzip -d backend",
    "exclude_files": [],
    "exec_command_template": "{{.Env.BackendInstallPath}}/{{.Coin.Alias}}/vertcoind -datadir={{.Env.BackendDataPath}}/{{.Coin.Alias}}/backend -conf={{.Env.BackendInstallPath}}/{{.Coin.Alias}}/{{.Coin.Alias}}.conf -pid=/run/{{.Coin.Alias}}/{{.Coin.Alias}}.pid",
    "logrotate_files_template": "{{.Env.BackendDataPath}}/{{.Coin.Alias}}/backend/testnet3/*.log",
    "postinst_script_template": "",
    "service_type": "forking",
    "service_additional_params_template": "",
    "protect_memory": true,
    "mainnet": false,
    "server_config_file": "bitcoin_like.conf",
    "client_config_file": "bitcoin_like_client.conf",
    "additional_params": {
        "whitelist": "127.0.0.1"
    }
  },
  "blockbook": {
    "package_name": "blockbook-vertcoin-testnet",
    "system_user": "blockbook-vertcoin",
    "internal_binding_template": ":{{.Ports.BlockbookInternal}}",
    "public_binding_template": ":{{.Ports.BlockbookPublic}}",
    "explorer_url": "",
    "additional_params": "",
    "block_chain": {
      "parse": true,
      "mempool_workers": 8,
      "mempool_sub_workers": 2,
      "block_addresses_to_keep": 300,
      "xpub_magic": 70617039,
      "xpub_magic_segwit_p2sh": 71979618,
      "xpub_magic_segwit_native": 73342198,
      "slip44": 1,
      "additional_params": {}
    }
  },
  "meta": {
    "package_maintainer": "Petr Kracik",
    "package_maintainer_email": "petr.kracik@satoshilabs.com"
  }
}
