{
  "coin": {
    "name": "VIPSTARCOIN",
    "shortcut": "VIPS",
    "label": "VIPSTARCOIN",
    "alias": "VIPSTARCOIN"
  },
  "ports": {
    "backend_rpc": 8056,
    "backend_message_queue": 38356,
    "blockbook_internal": 9056,
    "blockbook_public": 9156
  },
  "ipc": {
    "rpc_url_template": "http://127.0.0.1:{{.Ports.BackendRPC}}",
    "rpc_user": "rpc",
    "rpc_pass": "rpc",
    "rpc_timeout": 25,
    "message_queue_binding_template": "tcp://127.0.0.1:{{.Ports.BackendMessageQueue}}"
  },
  "backend": {
    "package_name": "backend-vipstarcoin",
    "package_revision": "satoshilabs-1",
    "system_user": "vipstarcoin",
    "version": "1.0.2",
    "binary_url": "https://github.com/y-chan/VIPSTARCOIN/releases/download/v1.0.2/VIPSTARCOIN-1.0.2-x86_64-linux-gnu.tar.gz",
    "verification_type": "sha256",
    "verification_source": "0bb608cf9103a896f2c1bf7f189db78f717019c2cc622f36581129876c65f131",
    "extract_command": "tar -C backend --strip 1 -xzvf",
    "exclude_files": [
      "VIPSTARCOIN-qt"
    ],
    "exec_command_template": "{{.Env.BackendInstallPath}}/{{.Coin.Alias}}/VIPSTARCOINd -datadir={{.Env.BackendDataPath}}/{{.Coin.Alias}}/backend -conf={{.Env.BackendInstallPath}}/{{.Coin.Alias}}/{{.Coin.Alias}}.conf -pid=/run/{{.Coin.Alias}}/{{.Coin.Alias}}.pid",
    "logrotate_files_template": "{{.Env.BackendDataPath}}/{{.Coin.Alias}}/backend/*.log",
    "postinst_script_template": "",
    "service_type": "forking",
    "service_additional_params_template": "",
    "protect_memory": true,
    "mainnet": true,
    "server_config_file": "bitcoin_like.conf",
    "client_config_file": "bitcoin_like_client.conf",
    "additional_params": {
      "whitelist": "127.0.0.1"
    }
  },
  "blockbook": {
    "package_name": "blockbook-vipstarcoin",
    "system_user": "blockbook-vipstarcoin",
    "internal_binding_template": ":{{.Ports.BlockbookInternal}}",
    "public_binding_template": ":{{.Ports.BlockbookPublic}}",
    "explorer_url": "",
    "additional_params": "",
    "block_chain": {
      "parse": true,
      "mempool_workers": 8,
      "mempool_sub_workers": 2,
      "block_addresses_to_keep": 300,
      "xpub_magic": 76067358,
      "xpub_magic_segwit_p2sh": 77429938,
      "xpub_magic_segwit_native": 78792518,
      "slip44": 1919,
      "additional_params": {}
    }
  },
  "meta": {
    "package_maintainer": "y-chan",
    "package_maintainer_email": "yuto_tetuota@yahoo.co.jp"
  }
}