{
  "coin": {
    "name": "Zcoin",
    "shortcut": "XZC",
    "label": "Zcoin",
    "alias": "zcoin"
  },
  "ports": {
    "backend_rpc": 8050,
    "backend_message_queue": 38350,
    "blockbook_internal": 9050,
    "blockbook_public": 9150
  },
  "ipc": {
    "rpc_url_template": "http://127.0.0.1:{{.Ports.BackendRPC}}",
    "rpc_user": "rpc",
    "rpc_pass": "rpc",
    "rpc_timeout": 25,
    "message_queue_binding_template": "tcp://127.0.0.1:{{.Ports.BackendMessageQueue}}"
  },
  "backend": {
    "package_name": "backend-zcoin",
    "package_revision": "satoshilabs-1",
    "system_user": "zcoin",
    "version": "0.14.0.4",
    "binary_url": "https://github.com/zcoinofficial/zcoin/releases/download/v0.14.0.4/zcoin-0.14.0.4-linux64.tar.gz",
    "verification_type": "sha256",
    "verification_source": "d060c76fe5fc0fe2527485035e984413881c4a845f65c4c9e71cc298b227a816",
    "extract_command": "tar -C backend --strip 1 -xf",
    "exclude_files": [
      "bin/tor",
      "bin/tor-gencert",
      "bin/torify",
      "bin/tor-print-ed-signing-cert",
      "bin/tor-resolve",
      "bin/zcoin-qt",
      "bin/zcoin-tx",
      "etc/tor/torrc.sample",
      "home/ubuntu/build/zcoin/depends/x86_64-linux-gnu/cmake/relic-config.cmake",
      "home/ubuntu/build/zcoin/depends/x86_64-linux-gnu/include/chiabls/aggregationinfo.hpp",
      "home/ubuntu/build/zcoin/depends/x86_64-linux-gnu/include/chiabls/bls.hpp",
      "home/ubuntu/build/zcoin/depends/x86_64-linux-gnu/include/chiabls/chaincode.hpp",
      "home/ubuntu/build/zcoin/depends/x86_64-linux-gnu/include/chiabls/extendedprivatekey.hpp",
      "home/ubuntu/build/zcoin/depends/x86_64-linux-gnu/include/chiabls/extendedpublickey.hpp",
      "home/ubuntu/build/zcoin/depends/x86_64-linux-gnu/include/chiabls/privatekey.hpp",
      "home/ubuntu/build/zcoin/depends/x86_64-linux-gnu/include/chiabls/publickey.hpp",
      "home/ubuntu/build/zcoin/depends/x86_64-linux-gnu/include/chiabls/signature.hpp",
      "home/ubuntu/build/zcoin/depends/x86_64-linux-gnu/include/chiabls/test-utils.hpp",
      "home/ubuntu/build/zcoin/depends/x86_64-linux-gnu/include/chiabls/util.hpp",
      "home/ubuntu/build/zcoin/depends/x86_64-linux-gnu/include/low/relic_bn_low.h",
      "home/ubuntu/build/zcoin/depends/x86_64-linux-gnu/include/low/relic_dv_low.h",
      "home/ubuntu/build/zcoin/depends/x86_64-linux-gnu/include/low/relic_fb_low.h",
      "home/ubuntu/build/zcoin/depends/x86_64-linux-gnu/include/low/relic_fp_low.h",
      "home/ubuntu/build/zcoin/depends/x86_64-linux-gnu/include/low/relic_fpx_low.h",
      "home/ubuntu/build/zcoin/depends/x86_64-linux-gnu/include/relic_arch.h",
      "home/ubuntu/build/zcoin/depends/x86_64-linux-gnu/include/relic_bc.h",
      "home/ubuntu/build/zcoin/depends/x86_64-linux-gnu/include/relic_bench.h",
      "home/ubuntu/build/zcoin/depends/x86_64-linux-gnu/include/relic_bn.h",
      "home/ubuntu/build/zcoin/depends/x86_64-linux-gnu/include/relic_conf.h",
      "home/ubuntu/build/zcoin/depends/x86_64-linux-gnu/include/relic_core.h",
      "home/ubuntu/build/zcoin/depends/x86_64-linux-gnu/include/relic_cp.h",
      "home/ubuntu/build/zcoin/depends/x86_64-linux-gnu/include/relic_dv.h",
      "home/ubuntu/build/zcoin/depends/x86_64-linux-gnu/include/relic_eb.h",
      "home/ubuntu/build/zcoin/depends/x86_64-linux-gnu/include/relic_ec.h",
      "home/ubuntu/build/zcoin/depends/x86_64-linux-gnu/include/relic_ed.h",
      "home/ubuntu/build/zcoin/depends/x86_64-linux-gnu/include/relic_ep.h",
      "home/ubuntu/build/zcoin/depends/x86_64-linux-gnu/include/relic_epx.h",
      "home/ubuntu/build/zcoin/depends/x86_64-linux-gnu/include/relic_err.h",
      "home/ubuntu/build/zcoin/depends/x86_64-linux-gnu/include/relic_fb.h",
      "home/ubuntu/build/zcoin/depends/x86_64-linux-gnu/include/relic_fbx.h",
      "home/ubuntu/build/zcoin/depends/x86_64-linux-gnu/include/relic_fp.h",
      "home/ubuntu/build/zcoin/depends/x86_64-linux-gnu/include/relic_fpx.h",
      "home/ubuntu/build/zcoin/depends/x86_64-linux-gnu/include/relic.h",
      "home/ubuntu/build/zcoin/depends/x86_64-linux-gnu/include/relic_label.h",
      "home/ubuntu/build/zcoin/depends/x86_64-linux-gnu/include/relic_md.h",
      "home/ubuntu/build/zcoin/depends/x86_64-linux-gnu/include/relic_pc.h",
      "home/ubuntu/build/zcoin/depends/x86_64-linux-gnu/include/relic_pool.h",
      "home/ubuntu/build/zcoin/depends/x86_64-linux-gnu/include/relic_pp.h",
      "home/ubuntu/build/zcoin/depends/x86_64-linux-gnu/include/relic_rand.h",
      "home/ubuntu/build/zcoin/depends/x86_64-linux-gnu/include/relic_test.h",
      "home/ubuntu/build/zcoin/depends/x86_64-linux-gnu/include/relic_trace.h",
      "home/ubuntu/build/zcoin/depends/x86_64-linux-gnu/include/relic_types.h",
      "home/ubuntu/build/zcoin/depends/x86_64-linux-gnu/include/relic_util.h",
      "include/bitcoinconsensus.h",
      "lib/libbitcoinconsensus.so",
      "lib/libbitcoinconsensus.so.0",
      "lib/libbitcoinconsensus.so.0.0.0",
      "README.md",
      "share/tor/geoip",
      "share/tor/geoip6"
    ],
    "exec_command_template": "{{.Env.BackendInstallPath}}/{{.Coin.Alias}}/bin/zcoind -datadir={{.Env.BackendDataPath}}/{{.Coin.Alias}}/backend -conf={{.Env.BackendInstallPath}}/{{.Coin.Alias}}/{{.Coin.Alias}}.conf -pid=/run/{{.Coin.Alias}}/{{.Coin.Alias}}.pid",
    "logrotate_files_template": "{{.Env.BackendDataPath}}/{{.Coin.Alias}}/backend/*.log",
    "postinst_script_template": "",
    "service_type": "forking",
    "service_additional_params_template": "",
    "protect_memory": true,
    "mainnet": true,
    "server_config_file": "bitcoin_like.conf",
    "client_config_file": "bitcoin_like_client.conf",
    "additional_params": {
      "deprecatedrpc": "estimatefee"
    }
  },
  "blockbook": {
    "package_name": "blockbook-zcoin",
    "system_user": "blockbook-zcoin",
    "internal_binding_template": ":{{.Ports.BlockbookInternal}}",
    "public_binding_template": ":{{.Ports.BlockbookPublic}}",
    "explorer_url": "",
    "additional_params": "",
    "block_chain": {
      "mempool_workers": 8,
      "mempool_sub_workers": 2,
      "block_addresses_to_keep": 300,
      "xpub_magic": 76067358,
      "slip44": 136,
      "additional_params": {}
    }
  },
  "meta": {
    "package_maintainer": "Putta Khunchalee",
    "package_maintainer_email": "putta@zcoin.io"
  }
}
