{
  "coin": {
    "name": "ZelCash",
    "shortcut": "ZEL",
    "label": "ZelCash",
    "alias": "zelcash"
  },
  "ports": {
    "backend_rpc": 8058,
    "backend_message_queue": 38358,
    "blockbook_internal": 9058,
    "blockbook_public": 9158
  },
  "ipc": {
    "rpc_url_template": "http://127.0.0.1:{{.Ports.BackendRPC}}",
    "rpc_user": "rpc",
    "rpc_pass": "rpc",
    "rpc_timeout": 25,
    "message_queue_binding_template": "tcp://127.0.0.1:{{.Ports.BackendMessageQueue}}"
  },
  "backend": {
    "package_name": "backend-zelcash",
    "package_revision": "satoshilabs-1",
    "system_user": "zelcash",
    "version": "4.0.0",
    "binary_url": "https://github.com/zelcash/zelcash/releases/download/v4.0.0/Zel-Linux.tar.gz",
    "verification_type": "sha256",
    "verification_source": "72fc8edaf5b222e384fd3430babaf13cada8186f1aff84df28984212bc5ea66e",
    "extract_command": "tar -C backend -xf",
    "exclude_files": [],
    "exec_command_template": "{{.Env.BackendInstallPath}}/{{.Coin.Alias}}/zelcashd -datadir={{.Env.BackendDataPath}}/{{.Coin.Alias}}/backend -conf={{.Env.BackendInstallPath}}/{{.Coin.Alias}}/{{.Coin.Alias}}.conf -pid=/run/{{.Coin.Alias}}/{{.Coin.Alias}}.pid",
    "logrotate_files_template": "{{.Env.BackendDataPath}}/{{.Coin.Alias}}/backend/*.log",
    "postinst_script_template": "HOME={{.Env.BackendDataPath}}/{{.Coin.Alias}}/backend {{.Env.BackendInstallPath}}/{{.Coin.Alias}}/fetch-params.sh",
    "service_type": "forking",
    "service_additional_params_template": "Environment=\"HOME={{.Env.BackendDataPath}}/{{.Coin.Alias}}/backend\"",
    "protect_memory": false,
    "mainnet": true,
    "server_config_file": "bitcoin_like.conf",
    "client_config_file": "bitcoin_like_client.conf",
    "additional_params": {
      "addnode": [
        "explorer.zel.cash",
        "explorer2.zel.cash",
        "explorer.zelcash.online",
        "explorer-asia.zel.cash"
      ]
    }
  },
  "blockbook": {
    "package_name": "blockbook-zelcash",
    "system_user": "blockbook-zelcash",
    "internal_binding_template": ":{{.Ports.BlockbookInternal}}",
    "public_binding_template": ":{{.Ports.BlockbookPublic}}",
    "explorer_url": "",
    "additional_params": "",
    "block_chain": {
      "parse": true,
      "mempool_workers": 4,
      "mempool_sub_workers": 8,
      "block_addresses_to_keep": 300,
      "xpub_magic": 76067358,
      "slip44": 19167,
      "additional_params": {}
    }
  },
  "meta": {
    "package_maintainer": "Tadeas Kmenta",
    "package_maintainer_email": "tadeas.kmenta@zel.cash"
  }
}
