{"id":"bitcoin","symbol":"btc","name":"Bitcoin","localization":{"en":"Bitcoin","de":"Bitcoin","es":"Bitcoin","fr":"Bitcoin","it":"Bitcoin","pl":"Bitcoin","ro":"Bitcoin","hu":"Bitcoin","nl":"Bitcoin","pt":"Bitcoin","sv":"Bitcoin","vi":"Bitcoin","tr":"Bitcoin","ru":"биткоина","ja":"ビットコイン","zh":"比特币","zh-tw":"比特幣","ko":"비트코인","ar":"بيتكوين","th":"บิตคอยน์","id":"Bitcoin"},"image":{"thumb":"https://assets.coingecko.com/coins/images/1/thumb/bitcoin.png?1547033579","small":"https://assets.coingecko.com/coins/images/1/small/bitcoin.png?1547033579"},"market_data":{"current_price":{"aud":112.481,"brl":232.8687,"btc":1.0,"cad":117.617,"chf":108.7145,"cny":718.7368,"dkk":661.3731,"eur":88.6291,"gbp":74.9767,"hkd":903.2559,"idr":1130568.3956,"inr":6274.6092,"jpy":11364.3607,"krw":128625.969,"mxn":1412.9046,"myr":353.6681,"nzd":136.2101,"php":4792.6186,"pln":368.8928,"rub":3623.3519,"sek":758.5144,"sgd":143.534,"twd":3433.0342,"usd":117.0,"xag":4.9088,"xau":0.0808,"xdr":76.8864,"zar":1049.0856},"market_cap":{"aud":1248780934.15,"brl":2585343237.705,"btc":11102150.0,"cad":1305801576.55,"chf":1206964686.175,"cny":7979523764.12,"dkk":7342663362.165,"eur":983973562.5649999,"gbp":832402569.9049999,"hkd":10028082490.185,"idr":12551739913210.54,"inr":69661652529.78,"jpy":126168837145.505,"krw":1428024801733.35,"mxn":15686278804.89,"myr":3926476296.415,"nzd":1512224961.715,"php":53208370589.99,"pln":4095503199.52,"rub":40226996296.585,"sek":8421140645.96,"sgd":1593535998.1,"twd":38114060643.53,"usd":1298951550.0,"xag":54498233.92,"xau":897053.72,"xdr":853604345.7599999,"zar":11647105694.04},"total_volume":{"aud":0.0,"brl":0.0,"btc":0.0,"cad":0.0,"chf":0.0,"cny":0.0,"dkk":0.0,"eur":0.0,"gbp":0.0,"hkd":0.0,"idr":0.0,"inr":0.0,"jpy":0.0,"krw":0.0,"mxn":0.0,"myr":0.0,"nzd":0.0,"php":0.0,"pln":0.0,"rub":0.0,"sek":0.0,"sgd":0.0,"twd":0.0,"usd":0.0,"xag":0.0,"xau":0.0,"xdr":0.0,"zar":0.0}},"community_data":{"facebook_likes":null,"twitter_followers":null,"reddit_average_posts_48h":0.0,"reddit_average_comments_48h":0.0,"reddit_subscribers":null,"reddit_accounts_active_48h":null},"developer_data":{"forks":null,"stars":null,"subscribers":null,"total_issues":null,"closed_issues":null,"pull_requests_merged":null,"pull_request_contributors":null,"code_additions_deletions_4_weeks":{"additions":null,"deletions":null},"commit_count_4_weeks":null},"public_interest_stats":{"alexa_rank":null,"bing_matches":null}}