{"id":"bitcoin","symbol":"btc","name":"Bitcoin","localization":{"en":"Bitcoin","de":"Bitcoin","es":"Bitcoin","fr":"Bitcoin","it":"Bitcoin","pl":"Bitcoin","ro":"Bitcoin","hu":"Bitcoin","nl":"Bitcoin","pt":"Bitcoin","sv":"Bitcoin","vi":"Bitcoin","tr":"Bitcoin","ru":"биткоина","ja":"ビットコイン","zh":"比特币","zh-tw":"比特幣","ko":"비트코인","ar":"بيتكوين","th":"บิตคอยน์","id":"Bitcoin"},"image":{"thumb":"https://assets.coingecko.com/coins/images/1/thumb/bitcoin.png?1547033579","small":"https://assets.coingecko.com/coins/images/1/small/bitcoin.png?1547033579"},"market_data":{"current_price":{"aud":112.4208,"brl":233.1081,"btc":1.0,"cad":117.0104,"chf":108.4737,"cny":715.1351,"dkk":659.3659,"eur":88.4403,"gbp":74.4895,"hkd":899.8427,"idr":1128375.8759,"inr":6235.1253,"jpy":11470.4956,"krw":127344.157,"mxn":1401.3929,"myr":352.0832,"nzd":135.8774,"php":4740.2255,"pln":366.461,"rub":3602.9548,"sek":754.5925,"sgd":143.0844,"twd":3426.0044,"usd":116.79,"xag":4.9089,"xau":0.0807,"xdr":76.8136,"zar":1033.9804},"market_cap":{"aud":1249804517.76,"brl":2591509369.32,"btc":11117200.0,"cad":1300828018.88,"chf":1205923817.64,"cny":7950299933.72,"dkk":7330302583.48,"eur":983208503.1599998,"gbp":828114669.4000001,"hkd":10003731264.44,"idr":12544380287555.48,"inr":69317134985.16,"jpy":127519793684.32,"krw":1415710462200.4,"mxn":15579565147.88,"myr":3914179351.04,"nzd":1510576231.28,"php":52698034928.6,"pln":4074020229.2,"rub":40054769102.56,"sek":8388955741.0,"sgd":1590697891.68,"twd":38087576115.68,"usd":1298377788.0,"xag":54573223.08,"xau":897158.0399999999,"xdr":853952153.9199998,"zar":11494966902.88},"total_volume":{"aud":0.0,"brl":0.0,"btc":0.0,"cad":0.0,"chf":0.0,"cny":0.0,"dkk":0.0,"eur":0.0,"gbp":0.0,"hkd":0.0,"idr":0.0,"inr":0.0,"jpy":0.0,"krw":0.0,"mxn":0.0,"myr":0.0,"nzd":0.0,"php":0.0,"pln":0.0,"rub":0.0,"sek":0.0,"sgd":0.0,"twd":0.0,"usd":0.0,"xag":0.0,"xau":0.0,"xdr":0.0,"zar":0.0}},"community_data":{"facebook_likes":null,"twitter_followers":null,"reddit_average_posts_48h":0.0,"reddit_average_comments_48h":0.0,"reddit_subscribers":null,"reddit_accounts_active_48h":null},"developer_data":{"forks":null,"stars":null,"subscribers":null,"total_issues":null,"closed_issues":null,"pull_requests_merged":null,"pull_request_contributors":null,"code_additions_deletions_4_weeks":{"additions":null,"deletions":null},"commit_count_4_weeks":null},"public_interest_stats":{"alexa_rank":null,"bing_matches":null}}