{"id":"bitcoin","symbol":"btc","name":"Bitcoin","localization":{"en":"Bitcoin","de":"Bitcoin","es":"Bitcoin","fr":"Bitcoin","it":"Bitcoin","pl":"Bitcoin","ro":"Bitcoin","hu":"Bitcoin","nl":"Bitcoin","pt":"Bitcoin","sv":"Bitcoin","vi":"Bitcoin","tr":"Bitcoin","ru":"биткоина","ja":"ビットコイン","zh":"比特币","zh-tw":"比特幣","ko":"비트코인","ar":"بيتكوين","th":"บิตคอยน์","id":"Bitcoin"},"image":{"thumb":"https://assets.coingecko.com/coins/images/1/thumb/bitcoin.png?1547033579","small":"https://assets.coingecko.com/coins/images/1/small/bitcoin.png?1547033579"},"market_data":{"current_price":{"aud":126.3133,"brl":259.5964,"btc":1.0,"cad":126.0278,"chf":115.6713,"cny":748.4143,"dkk":695.3988,"eur":93.2043,"gbp":79.6307,"hkd":946.0816,"idr":1196029.7068,"inr":6892.8316,"jpy":12203.5904,"krw":137012.0733,"mxn":1551.7041,"myr":377.299,"nzd":152.0791,"php":5112.2715,"pln":396.1512,"rub":3891.7674,"sek":800.3999,"sgd":152.8465,"twd":3646.9125,"uah":987.805115156,"usd":121.309,"xag":5.3382,"xau":0.0868,"xdr":81.033,"zar":1200.5467},"market_cap":{"aud":1420386743.3035636,"brl":2919148539.142982,"btc":11244950.003709536,"cad":1417176310.0775046,"chf":1300717985.3640869,"cny":8415881385.561269,"dkk":7819724738.639607,"eur":1048077693.6307446,"gbp":895443240.2603929,"hkd":10638640291.429523,"idr":13449294255917.375,"inr":77509546725.9892,"jpy":137228763913.74965,"krw":1540693914163.0862,"mxn":17448835025.0511,"myr":4242708391.449604,"nzd":1710121876.1091428,"php":57487237422.88915,"pln":4454700437.909536,"rub":43762729839.06665,"sek":9000456858.474112,"sgd":1718751250.7419894,"twd":41009348730.40335,"uah":11107819133.33776,"usd":1364113640.0,"xag":60027792.10980224,"xau":976061.6603219877,"xdr":911212033.6505947,"zar":13500087618.61847},"total_volume":{"aud":0.0,"brl":0.0,"btc":0.0,"cad":0.0,"chf":0.0,"cny":0.0,"dkk":0.0,"eur":0.0,"gbp":0.0,"hkd":0.0,"idr":0.0,"inr":0.0,"jpy":0.0,"krw":0.0,"mxn":0.0,"myr":0.0,"nzd":0.0,"php":0.0,"pln":0.0,"rub":0.0,"sek":0.0,"sgd":0.0,"twd":0.0,"uah":0.0,"usd":0.0,"xag":0.0,"xau":0.0,"xdr":0.0,"zar":0.0}},"community_data":{"facebook_likes":null,"twitter_followers":null,"reddit_average_posts_48h":0.0,"reddit_average_comments_48h":0.0,"reddit_subscribers":null,"reddit_accounts_active_48h":null},"developer_data":{"forks":null,"stars":null,"subscribers":null,"total_issues":null,"closed_issues":null,"pull_requests_merged":null,"pull_request_contributors":null,"code_additions_deletions_4_weeks":{"additions":null,"deletions":null},"commit_count_4_weeks":null},"public_interest_stats":{"alexa_rank":null,"bing_matches":null}}