{"id":"bitcoin","symbol":"btc","name":"Bitcoin","localization":{"en":"Bitcoin","de":"Bitcoin","es":"Bitcoin","fr":"Bitcoin","it":"Bitcoin","pl":"Bitcoin","ro":"Bitcoin","hu":"Bitcoin","nl":"Bitcoin","pt":"Bitcoin","sv":"Bitcoin","vi":"Bitcoin","tr":"Bitcoin","ru":"биткоина","ja":"ビットコイン","zh":"比特币","zh-tw":"比特幣","ko":"비트코인","ar":"بيتكوين","th":"บิตคอยน์","id":"Bitcoin"},"image":{"thumb":"https://assets.coingecko.com/coins/images/1/thumb/bitcoin.png?1547033579","small":"https://assets.coingecko.com/coins/images/1/small/bitcoin.png?1547033579"},"market_data":{"current_price":{"aud":130.8239,"bdt":9961.3816372,"bhd":48.39643563999999,"bmd":128.38,"brl":272.2555,"btc":1.0,"cad":127.0763,"chf":111.3766,"cny":754.702,"dkk":677.221,"eur":90.7575,"gbp":76.6108,"hkd":955.6959,"idr":1401976.6268,"inr":7601.0098,"jpy":11938.215,"krw":132238.2292,"ltc":59.84440454817475,"mmk":124564.42058759999,"mxn":1619.1347,"myr":393.0957,"nzd":148.4503,"php":5315.0149,"pln":381.3587,"rub":3973.0086,"sek":791.16,"sgd":153.7814,"twd":3623.6843,"uah":1051.00353918,"usd":128.38,"vef":807.6801751200001,"xag":5.5156,"xau":0.0932,"xdr":80.1381,"zar":1233.5253},"market_cap":{"aud":1544578916.545,"bdt":117609550368.68365,"bhd":571394937.205442,"bmd":1515724889.0,"brl":3214398173.525,"btc":11806550.0,"cad":1500332689.765,"chf":1314973396.73,"cny":8910426898.1,"dkk":7995643597.55,"eur":1071532961.6249999,"gbp":904509240.74,"hkd":11283471428.145,"idr":16552507143145.54,"inr":89741702254.19,"jpy":140949132308.25,"krw":1561277264961.26,"ltc":706555954.5182526,"mmk":1470676059888.5288,"mxn":19116394792.285,"myr":4641104036.835,"nzd":1752685889.465,"php":62751989167.595,"pln":4502530559.485,"rub":46907524686.33,"sek":9340870098.0,"sgd":1815627788.17,"twd":42783209872.165,"uah":12408725835.50563,"usd":1515724889.0,"vef":9535916371.563036,"xag":65120207.18,"xau":1100370.4600000002,"xdr":946154484.5549998,"zar":14563678130.715},"total_volume":{"aud":0.0,"bdt":0.0,"bhd":0.0,"bmd":0.0,"brl":0.0,"btc":0.0,"cad":0.0,"chf":0.0,"cny":0.0,"dkk":0.0,"eur":0.0,"gbp":0.0,"hkd":0.0,"idr":0.0,"inr":0.0,"jpy":0.0,"krw":0.0,"ltc":0.0,"mmk":0.0,"mxn":0.0,"myr":0.0,"nzd":0.0,"php":0.0,"pln":0.0,"rub":0.0,"sek":0.0,"sgd":0.0,"twd":0.0,"uah":0.0,"usd":0.0,"vef":0.0,"xag":0.0,"xau":0.0,"xdr":0.0,"zar":0.0}},"community_data":{"facebook_likes":null,"twitter_followers":null,"reddit_average_posts_48h":0.0,"reddit_average_comments_48h":0.0,"reddit_subscribers":null,"reddit_accounts_active_48h":null},"developer_data":{"forks":null,"stars":null,"subscribers":null,"total_issues":null,"closed_issues":null,"pull_requests_merged":null,"pull_request_contributors":null,"code_additions_deletions_4_weeks":{"additions":null,"deletions":null},"commit_count_4_weeks":null},"public_interest_stats":{"alexa_rank":null,"bing_matches":null}}