{"id":"bitcoin","symbol":"btc","name":"Bitcoin","asset_platform_id":null,"block_time_in_minutes":10,"categories":["Cryptocurrency"],"description":{"en":"Bitcoin is the first successful internet money based on peer-to-peer technology; whereby no central bank or authority is involved in the transaction and production of the Bitcoin currency. It was created by an anonymous individual/group under the name, Satoshi Nakamoto. The source code is available publicly as an open source project, anybody can look at it and be part of the developmental process.\r\n\r\nBitcoin is changing the way we see money as we speak. The idea was to produce a means of exchange, independent of any central authority, that could be transferred electronically in a secure, verifiable and immutable way. It is a decentralized peer-to-peer internet currency making mobile payment easy, very low transaction fees, protects your identity, and it works anywhere all the time with no central authority or banks.\r\n\r\nBitcoin is design to have only 21 million BTC ever created, thus making it a deflationary currency. Bitcoin uses the \u003ca href=\"https://www.coingecko.com/en?hashing_algorithm=SHA-256\"\u003eSHA-256\u003c/a\u003e hashing algorithm with an average transaction confirmation time of 10 minutes. Miners today are mining Bitcoin using ASIC chip dedicated to only mining Bitcoin, and the hash rate has shot up to peta hashes.\r\n\r\nBeing the first successful online cryptography currency, Bitcoin has inspired other alternative currencies such as \u003ca href=\"https://www.coingecko.com/en/coins/litecoin\"\u003eLitecoin\u003c/a\u003e, \u003ca href=\"https://www.coingecko.com/en/coins/peercoin\"\u003ePeercoin\u003c/a\u003e, \u003ca href=\"https://www.coingecko.com/en/coins/primecoin\"\u003ePrimecoin\u003c/a\u003e, and so on.\r\n\r\nThe cryptocurrency then took off with the innovation of the turing-complete smart contract by \u003ca href=\"https://www.coingecko.com/en/coins/ethereum\"\u003eEthereum\u003c/a\u003e which led to the development of other amazing projects such as \u003ca href=\"https://www.coingecko.com/en/coins/eos\"\u003eEOS\u003c/a\u003e, \u003ca href=\"https://www.coingecko.com/en/coins/tron\"\u003eTron\u003c/a\u003e, and even crypto-collectibles such as \u003ca href=\"https://www.coingecko.com/buzz/ethereum-still-king-dapps-cryptokitties-need-1-billion-on-eos\"\u003eCryptoKitties\u003c/a\u003e."},"links":{"homepage":["http://www.bitcoin.org","",""],"blockchain_site":["https://blockchair.com/bitcoin/","https://btc.com/","","",""],"official_forum_url":["https://bitcointalk.org/","",""],"chat_url":["","",""],"announcement_url":["",""],"twitter_screen_name":"btc","facebook_username":"bitcoins","bitcointalk_thread_identifier":null,"telegram_channel_identifier":"","subreddit_url":"https://www.reddit.com/r/Bitcoin/","repos_url":{"github":["https://github.com/bitcoin/bitcoin","https://github.com/bitcoin/bips"],"bitbucket":[]}},"image":{"thumb":"https://assets.coingecko.com/coins/images/1/thumb/bitcoin.png?1547033579","small":"https://assets.coingecko.com/coins/images/1/small/bitcoin.png?1547033579","large":"https://assets.coingecko.com/coins/images/1/large/bitcoin.png?1547033579"},"country_origin":"","genesis_date":"2009-01-03","sentiment_votes_up_percentage":38.69,"sentiment_votes_down_percentage":61.31,"market_cap_rank":1,"coingecko_rank":1,"coingecko_score":87.571,"developer_score":91.999,"community_score":80.5,"liquidity_score":100.084,"public_interest_score":44.29,"market_data":{"current_price":{"aed":26233,"ars":427146,"aud":10530.78,"bch":34.754373,"bdt":605978,"bhd":2693.12,"bmd":7142.59,"bnb":469.136,"brl":29879,"btc":1.0,"cad":9489.19,"chf":7113.95,"clp":5688362,"cny":50277,"czk":165074,"dkk":48362,"eos":2760,"eth":48.466911,"eur":6471.78,"gbp":5562.63,"hkd":55896,"huf":2162211,"idr":100796288,"ils":24797,"inr":512355,"jpy":776361,"krw":8423047,"kwd":2169.53,"lkr":1286409,"ltc":152.386,"mmk":10823325,"mxn":138495,"myr":29800,"nok":65379,"nzd":11149.85,"php":363629,"pkr":1110673,"pln":27816,"rub":455640,"sar":26785,"sek":68693,"sgd":9743.25,"thb":215688,"try":40799,"twd":218342,"uah":172189,"usd":7142.59,"vef":1774846373,"vnd":166109525,"xag":418.79,"xau":4.88,"xdr":5191.74,"xlm":125849,"xrp":30745,"zar":104995},"roi":null,"ath":{"aed":72229,"ars":654921,"aud":25717,"bch":42.242547,"bdt":1631248,"bhd":7416.37,"bmd":19665.39,"bnb":143062,"brl":64777,"btc":1.003301,"cad":25303,"chf":19484.57,"clp":12582805,"cny":130006,"czk":429834,"dkk":124584,"eos":3287,"eth":624.203,"eur":16727.68,"gbp":14759.86,"hkd":153608,"huf":5263109,"idr":266681922,"ils":69096,"inr":1259942,"jpy":2214028,"krw":21418073,"kwd":5939.64,"lkr":3024387,"ltc":318.98,"mmk":26871485,"mxn":376059,"myr":80224,"nok":164805,"nzd":28131,"php":991988,"pkr":2181203,"pln":70407,"rub":1157051,"sar":73750,"sek":167278,"sgd":26517,"thb":639578,"try":80284,"twd":589706,"uah":541437,"usd":19665.39,"vef":3454441855,"vnd":446720468,"xag":1225.45,"xau":15.67,"xdr":13907.05,"xlm":189028,"xrp":42151,"zar":257660},"ath_change_percentage":{"aed":-63.62124,"ars":-34.67198,"aud":-58.99662,"bch":-17.39149,"bdt":-62.79247,"bhd":-63.62871,"bmd":-63.62129,"bnb":-99.67103,"brl":-53.8445,"btc":-0.32896,"cad":-62.45264,"chf":-63.4543,"clp":-54.7089,"cny":-61.26497,"czk":-61.55431,"dkk":-61.13905,"eos":-16.10009,"eth":-92.21431,"eur":-61.26899,"gbp":-62.27369,"hkd":-63.55334,"huf":-58.87639,"idr":-62.15657,"ils":-64.07374,"inr":-59.26992,"jpy":-64.90022,"krw":-60.60644,"kwd":-63.4152,"lkr":-57.39745,"ltc":-52.11769,"mmk":-59.65748,"mxn":-63.10475,"myr":-62.79525,"nok":-60.29271,"nzd":-60.32548,"php":-63.31142,"pkr":-48.99833,"pln":-60.4529,"rub":-60.55354,"sar":-63.62382,"sek":-58.87165,"sgd":-63.20581,"thb":-66.23726,"try":-49.0973,"twd":-62.92736,"uah":-68.14693,"usd":-63.62129,"vef":-48.53915,"vnd":-62.77453,"xag":-65.86833,"xau":-68.86202,"xdr":-62.60861,"xlm":-33.15539,"xrp":-27.01399,"zar":-59.19278},"ath_date":{"aed":"2017-12-16T00:00:00.000Z","ars":"2019-08-13T13:41:31.186Z","aud":"2017-12-16T00:00:00.000Z","bch":"2018-12-15T16:19:57.060Z","bdt":"2017-12-16T00:00:00.000Z","bhd":"2017-12-16T00:00:00.000Z","bmd":"2017-12-16T00:00:00.000Z","bnb":"2017-10-19T00:00:00.000Z","brl":"2017-12-16T00:00:00.000Z","btc":"2019-10-15T16:00:56.136Z","cad":"2017-12-16T00:00:00.000Z","chf":"2017-12-16T00:00:00.000Z","clp":"2017-12-16T00:00:00.000Z","cny":"2017-12-16T00:00:00.000Z","czk":"2017-12-16T00:00:00.000Z","dkk":"2017-12-16T00:00:00.000Z","eos":"2019-09-05T20:22:13.572Z","eth":"2015-10-20T00:00:00.000Z","eur":"2017-12-16T00:00:00.000Z","gbp":"2017-12-16T00:00:00.000Z","hkd":"2017-12-16T00:00:00.000Z","huf":"2017-12-16T00:00:00.000Z","idr":"2017-12-16T00:00:00.000Z","ils":"2017-12-16T00:00:00.000Z","inr":"2017-12-16T00:00:00.000Z","jpy":"2017-12-16T00:00:00.000Z","krw":"2017-12-16T00:00:00.000Z","kwd":"2017-12-16T00:00:00.000Z","lkr":"2017-12-16T00:00:00.000Z","ltc":"2017-03-05T00:00:00.000Z","mmk":"2017-12-16T00:00:00.000Z","mxn":"2017-12-16T00:00:00.000Z","myr":"2017-12-16T00:00:00.000Z","nok":"2017-12-16T00:00:00.000Z","nzd":"2017-12-16T00:00:00.000Z","php":"2017-12-16T00:00:00.000Z","pkr":"2019-06-26T19:55:29.614Z","pln":"2017-12-16T00:00:00.000Z","rub":"2017-12-16T00:00:00.000Z","sar":"2017-12-16T00:00:00.000Z","sek":"2017-12-16T00:00:00.000Z","sgd":"2017-12-16T00:00:00.000Z","thb":"2017-12-16T00:00:00.000Z","try":"2019-06-26T19:55:29.614Z","twd":"2017-12-16T00:00:00.000Z","uah":"2017-12-16T00:00:00.000Z","usd":"2017-12-16T00:00:00.000Z","vef":"2019-06-26T19:55:29.614Z","vnd":"2017-12-16T00:00:00.000Z","xag":"2017-12-16T00:00:00.000Z","xau":"2017-12-16T00:00:00.000Z","xdr":"2017-12-16T00:00:00.000Z","xlm":"2019-09-12T22:33:57.455Z","xrp":"2019-09-06T12:53:39.935Z","zar":"2017-12-16T00:00:00.000Z"},"market_cap":{"aed":474793759318,"ars":7730972325788,"aud":190537867813,"bch":630551829,"bdt":10967221735647,"bhd":48741175024,"bmd":129269449023,"bnb":8504056047,"brl":540242881359,"btc":18061500,"cad":171672542961,"chf":128668733894,"clp":102976043092026,"cny":909940578620,"czk":2986033783826,"dkk":874823757177,"eos":49831754917,"eth":878149440,"eur":117068610616,"gbp":100617263456,"hkd":1011622634528,"huf":39109243612989,"idr":1823601645999521,"ils":448552061166,"inr":9272819588645,"jpy":14042144114110,"krw":152458449136441,"kwd":39265078063,"lkr":23281924163795,"ltc":2759842022,"mmk":195884749415125,"mxn":2507103402139,"myr":539325068270,"nok":1182462552968,"nzd":201673138152,"php":6576324680166,"pkr":20101399323136,"pln":503125744460,"rub":8247196943518,"sar":484759011874,"sek":1243159730063,"sgd":176297674578,"thb":3901906020384,"try":738440868912,"twd":3950345221975,"uah":3116344627531,"usd":129269449023,"vef":32121860601613224,"vnd":3004844249179323,"xag":7557859850,"xau":88142374,"xdr":93962084412,"xlm":2283168044885,"xrp":555894381400,"zar":1899894292486},"market_cap_rank":1,"total_volume":{"aed":138687050476,"ars":2258211477718,"aud":55673594578,"bch":183737598,"bdt":3203651532313,"bhd":14237857483,"bmd":37761091954,"bnb":2480204906,"brl":157962199864,"btc":5303296,"cad":50166932300,"chf":37609632215,"clp":30072933632557,"cny":265804102377,"czk":872704148379,"dkk":255678541091,"eos":14590103457,"eth":256232321,"eur":34214645720,"gbp":29408225131,"hkd":295508865363,"huf":11431065850716,"idr":532884529661782,"ils":131094616522,"inr":2708689636557,"jpy":4104423009447,"krw":44530522909173,"kwd":11469780637,"lkr":6800917663597,"ltc":805626595,"mmk":57220186912138,"mxn":732187572998,"myr":157543051743,"nok":345640000147,"nzd":58946461701,"php":1922417191403,"pkr":5871849798923,"pln":147054530842,"rub":2408855577961,"sar":141607455567,"sek":363160165026,"sgd":51510094341,"thb":1140290574296,"try":215692490077,"twd":1154318782196,"uah":910320086696,"usd":37761091954,"vef":9383164708217112,"vnd":878179122153079,"xag":2214048370,"xau":25773833,"xdr":27447404909,"xlm":665333514482,"xrp":162538792944,"zar":555079555485},"high_24h":{"aed":28288,"ars":460171,"aud":11341.92,"bch":35.462898,"bdt":653121,"bhd":2902.95,"bmd":7701.17,"bnb":479.999,"brl":32313,"btc":1.0,"cad":10224.26,"chf":7651.19,"clp":6150290,"cny":54135,"czk":177709,"dkk":52023,"eos":2804,"eth":49.32148,"eur":6961.83,"gbp":5962.03,"hkd":60252,"huf":2329092,"idr":108526800,"ils":26652,"inr":552563,"jpy":836775,"krw":9070591,"kwd":2338.72,"lkr":1386522,"ltc":155.932,"mmk":11702598,"mxn":149346,"myr":32102,"nok":70413,"nzd":12023.03,"php":391391,"pkr":1198463,"pln":29923,"rub":490607,"sar":28878,"sek":74080,"sgd":10492.07,"thb":232716,"try":43892,"twd":235078,"uah":186500,"usd":7701.17,"vef":1913645346,"vnd":178999196,"xag":450.44,"xau":5.26,"xdr":5594.65,"xlm":128230,"xrp":31649,"zar":113045},"low_24h":{"aed":25389,"ars":413252,"aud":10177.28,"bch":33.498779,"bdt":586479,"bhd":2606.33,"bmd":6912.76,"bnb":441.91,"brl":28872,"btc":1.0,"cad":9172.15,"chf":6875.83,"clp":5495871,"cny":48647,"czk":159479,"dkk":46725,"eos":2688,"eth":47.221694,"eur":6252.27,"gbp":5375.94,"hkd":54096,"huf":2089289,"idr":97454723,"ils":23978,"inr":495700,"jpy":750674,"krw":8145203,"kwd":2099.06,"lkr":1245015,"ltc":149.451,"mmk":10475054,"mxn":133891,"myr":28843,"nok":63132,"nzd":10775.68,"php":351479,"pkr":1073206,"pln":26857,"rub":440210,"sar":25927,"sek":66395,"sgd":9421.43,"thb":208711,"try":39550,"twd":211136,"uah":166648,"usd":6912.76,"vef":1717735697,"vnd":160482399,"xag":404.21,"xau":4.71,"xdr":5021.89,"xlm":124993,"xrp":30492,"zar":101450},"price_change_24h":-480.5673621733,"price_change_percentage_24h":-6.30404,"price_change_percentage_7d":-17.44599,"price_change_percentage_14d":-22.54054,"price_change_percentage_30d":-11.22023,"price_change_percentage_60d":-28.86786,"price_change_percentage_200d":24.23364,"price_change_percentage_1y":54.82116,"market_cap_change_24h":-9006537915.032,"market_cap_change_percentage_24h":-6.51345,"price_change_24h_in_currency":{"aed":-1765.3849375,"ars":-28250.7846463,"aud":-687.42268421,"bch":1.209693,"bdt":-40527.63640467,"bhd":-180.62666736,"bmd":-480.56736217,"bnb":13.500179,"brl":-2234.43033708,"btc":0.0,"cad":-631.36102032,"chf":-447.60591608,"clp":-374343.553352,"cny":-3307.29242038,"czk":-10750.48677935,"dkk":-3087.31721729,"eos":64.38,"eth":1.189393,"eur":-412.89174814,"gbp":-335.73696182,"hkd":-3726.49580785,"huf":-136103.17232295,"idr":-6721091.02167486,"ils":-1585.24792676,"inr":-34656.74698489,"jpy":-51434.05221209,"krw":-545602.5158788,"kwd":-145.59687908,"lkr":-83492.89071827,"ltc":0.41120093,"mmk":-738928.15288522,"mxn":-9373.69014498,"myr":-1954.66222593,"nok":-4225.97032316,"nzd":-741.18047963,"php":-24202.68533704,"pkr":-74347.06674375,"pln":-1774.3736239,"rub":-30122.73186387,"sar":-1801.65200366,"sek":-4761.52882112,"sgd":-641.55584025,"thb":-14530.99082294,"try":-2654.49777029,"twd":-14416.02940028,"uah":-12075.69031495,"usd":-480.56736217,"vef":-119415050.76443768,"vnd":-10911575.70808423,"xag":-25.13762803,"xau":-0.3155855,"xdr":-347.48043979,"xlm":-1338.794227113,"xrp":-784.6183422333,"zar":-7137.11714324},"price_change_percentage_1h_in_currency":{"aed":0.84905,"ars":0.86161,"aud":0.8867,"bch":-1.38159,"bdt":0.85317,"bhd":0.85317,"bmd":0.85317,"bnb":-1.51553,"brl":0.91348,"btc":0.0,"cad":0.915,"chf":0.88072,"clp":0.78989,"cny":0.87467,"czk":0.97735,"dkk":0.94907,"eos":-0.63738,"eth":-1.42231,"eur":0.94977,"gbp":0.91433,"hkd":0.86091,"huf":0.9903,"idr":0.88666,"ils":0.8754,"inr":0.90239,"jpy":0.87893,"krw":0.96319,"kwd":0.86978,"lkr":0.85317,"ltc":-1.45742,"mmk":0.85317,"mxn":0.85889,"myr":0.84592,"nok":1.07686,"nzd":0.85963,"php":1.01808,"pkr":0.85317,"pln":0.98571,"rub":0.95446,"sar":0.85328,"sek":0.92645,"sgd":0.9031,"thb":0.87489,"try":0.72911,"twd":0.89938,"uah":0.85317,"usd":0.85317,"vef":0.85317,"vnd":0.95458,"xag":1.08837,"xau":1.10648,"xdr":0.85317,"xlm":-1.37016,"xrp":0.15375,"zar":1.04254},"price_change_percentage_24h_in_currency":{"aed":-6.30532,"ars":-6.20356,"aud":-6.12774,"bch":3.60621,"bdt":-6.26872,"bhd":-6.2854,"bmd":-6.30404,"bnb":2.96293,"brl":-6.95795,"btc":0.0,"cad":-6.23841,"chf":-5.9195,"clp":-6.17453,"cny":-6.17208,"czk":-6.11433,"dkk":-6.00068,"eos":2.38856,"eth":2.51577,"eur":-5.99726,"gbp":-5.69203,"hkd":-6.25013,"huf":-5.92187,"idr":-6.25117,"ils":-6.0088,"inr":-6.33565,"jpy":-6.21338,"krw":-6.08344,"kwd":-6.28893,"lkr":-6.09481,"ltc":0.27057,"mmk":-6.39087,"mxn":-6.3392,"myr":-6.15559,"nok":-6.0714,"nzd":-6.2331,"php":-6.24051,"pkr":-6.27391,"pln":-5.99652,"rub":-6.20112,"sar":-6.30234,"sek":-6.48232,"sgd":-6.17783,"thb":-6.3118,"try":-6.10886,"twd":-6.19357,"uah":-6.55345,"usd":-6.30404,"vef":-6.30404,"vnd":-6.164,"xag":-5.66252,"xau":-6.07975,"xdr":-6.2731,"xlm":-1.05261,"xrp":-2.48855,"zar":-6.36494},"price_change_percentage_7d_in_currency":{"aed":-17.4561,"ars":-17.17189,"aud":-17.39343,"bch":11.54617,"bdt":-17.34556,"bhd":-17.42365,"bmd":-17.44599,"bnb":15.37505,"brl":-17.6939,"btc":0.0,"cad":-17.22355,"chf":-16.83939,"clp":-18.16528,"cny":-17.23081,"czk":-17.84696,"dkk":-17.5639,"eos":8.28045,"eth":3.50175,"eur":-17.56998,"gbp":-17.18365,"hkd":-17.46919,"huf":-17.62502,"idr":-17.26247,"ils":-17.71536,"inr":-17.71385,"jpy":-17.2919,"krw":-16.68652,"kwd":-17.43375,"lkr":-17.57364,"ltc":3.79137,"mmk":-17.47497,"mxn":-17.18117,"myr":-17.25559,"nok":-17.57382,"nzd":-17.76103,"php":-17.19551,"pkr":-17.66361,"pln":-17.28903,"rub":-17.622,"sar":-17.43643,"sek":-17.99201,"sgd":-17.30006,"thb":-17.44962,"try":-17.99541,"twd":-17.11248,"uah":-17.8811,"usd":-17.44599,"vef":-17.44599,"vnd":-17.01601,"xag":-17.68437,"xau":-17.19364,"xdr":-17.64438,"xlm":7.48208,"xrp":-4.57226,"zar":-18.1527},"price_change_percentage_14d_in_currency":{"aed":-22.55003,"ars":-22.26953,"aud":-21.20934,"bch":10.18823,"bdt":-22.4719,"bhd":-22.52698,"bmd":-22.54054,"bnb":3.78256,"brl":-20.98795,"btc":0.0,"cad":-21.89472,"chf":-22.44172,"clp":-16.95103,"cny":-21.8595,"czk":-22.52847,"dkk":-22.42537,"eos":3.89877,"eth":-1.80404,"eur":-22.42496,"gbp":-22.65386,"hkd":-22.54945,"huf":-22.08321,"idr":-21.79502,"ils":-23.09687,"inr":-21.7934,"jpy":-22.93533,"krw":-20.89782,"kwd":-22.52728,"lkr":-22.87826,"ltc":1.53118,"mmk":-22.72098,"mxn":-21.51393,"myr":-21.70354,"nok":-22.15384,"nzd":-22.92904,"php":-21.95551,"pkr":-22.80961,"pln":-21.72901,"rub":-22.2441,"sar":-22.54442,"sek":-22.62979,"sgd":-22.15219,"thb":-23.10963,"try":-23.08949,"twd":-21.78058,"uah":-23.91091,"usd":-22.54054,"vef":-22.54054,"vnd":-22.53941,"xag":-22.26463,"xau":-22.33687,"xdr":-22.55567,"xlm":1.69618,"xrp":-2.72537,"zar":-22.70147},"price_change_percentage_30d_in_currency":{"aed":-11.22443,"ars":-9.51444,"aud":-10.193,"bch":-1.85067,"bdt":-11.07576,"bhd":-11.21198,"bmd":-11.22023,"bnb":6.12033,"brl":-8.97239,"btc":0.0,"cad":-9.91713,"chf":-10.62881,"clp":-2.46349,"cny":-11.69817,"czk":-10.69528,"dkk":-10.45514,"eos":-0.60245,"eth":3.31477,"eur":-10.48102,"gbp":-10.92388,"hkd":-11.40589,"huf":-9.11838,"idr":-11.12997,"ils":-12.76593,"inr":-10.10704,"jpy":-11.04788,"krw":-10.68933,"kwd":-11.09524,"lkr":-11.91065,"ltc":1.16327,"mmk":-12.33699,"mxn":-10.07551,"myr":-11.44098,"nok":-11.18008,"nzd":-11.13426,"php":-11.70222,"pkr":-11.68762,"pln":-9.93606,"rub":-11.10484,"sar":-11.23433,"sek":-11.4895,"sgd":-11.12778,"thb":-11.50173,"try":-12.60444,"twd":-10.99896,"uah":-14.02182,"usd":-11.22023,"vef":-11.22023,"vnd":-11.12455,"xag":-8.57976,"xau":-9.77676,"xdr":-11.09094,"xlm":-2.0601,"xrp":11.18539,"zar":-10.5719},"price_change_percentage_60d_in_currency":{"aed":-28.87271,"ars":-24.94049,"aud":-28.98967,"bch":6.58558,"bdt":-28.55284,"bhd":-28.85919,"bmd":-28.86786,"bnb":-4.73332,"brl":-28.29542,"btc":0.0,"cad":-28.7742,"chf":-28.5492,"clp":-21.05412,"cny":-29.39446,"czk":-29.96813,"dkk":-28.93541,"eos":4.89171,"eth":2.15282,"eur":-28.98347,"gbp":-30.91919,"hkd":-29.00032,"huf":-28.93845,"idr":-28.57896,"ils":-29.88395,"inr":-28.33674,"jpy":-28.19392,"krw":-29.75392,"kwd":-28.86693,"lkr":-29.26237,"ltc":10.0907,"mmk":-29.68127,"mxn":-29.02416,"myr":-28.91758,"nok":-28.16281,"nzd":-30.41575,"php":-30.43231,"pkr":-29.27026,"pln":-30.19557,"rub":-29.14377,"sar":-28.88798,"sek":-29.4752,"sgd":-29.51848,"thb":-29.55026,"try":-29.23667,"twd":-29.86135,"uah":-29.77018,"usd":-28.86786,"vef":-28.86786,"vnd":-28.86503,"xag":-24.99432,"xau":-26.49988,"xdr":-29.12285,"xlm":-13.83671,"xrp":-14.54016,"zar":-29.92383},"price_change_percentage_200d_in_currency":{"aed":24.22488,"ars":66.85932,"aud":27.95174,"bch":76.94309,"bdt":24.91123,"bhd":24.2366,"bmd":24.23364,"bnb":86.35415,"brl":31.96581,"btc":0.0,"cad":22.59678,"chf":21.70062,"clp":46.20803,"cny":29.85077,"czk":25.05176,"dkk":26.08954,"eos":133.30477,"eth":36.87714,"eur":25.97742,"gbp":27.31032,"hkd":23.93812,"huf":30.22984,"idr":23.22097,"ils":20.37488,"inr":28.82094,"jpy":21.90092,"krw":25.82773,"kwd":24.06617,"lkr":26.37467,"ltc":100.2474,"mmk":23.76562,"mxn":26.42772,"myr":25.30265,"nok":30.11168,"nzd":28.35377,"php":22.01045,"pkr":36.51723,"pln":26.39489,"rub":21.26104,"sar":24.22499,"sek":24.9225,"sgd":24.29049,"thb":17.38252,"try":18.62205,"twd":22.88347,"uah":13.11625,"usd":24.23364,"vef":24.23364,"vnd":24.69572,"xag":8.68024,"xau":8.77097,"xdr":25.56291,"xlm":115.80188,"xrp":60.72697,"zar":26.48666},"price_change_percentage_1y_in_currency":{"aed":54.80299,"ars":155.34218,"aud":65.7028,"bch":78.89456,"bdt":57.19653,"bhd":54.81048,"bmd":54.82116,"bnb":-36.65258,"brl":70.52838,"btc":0.0,"cad":55.45654,"chf":55.10131,"clp":84.99866,"cny":57.31982,"czk":56.67972,"dkk":59.98455,"eos":129.05448,"eth":44.12795,"eur":59.73458,"gbp":54.03378,"hkd":54.68674,"huf":65.94232,"idr":49.69388,"ils":44.12632,"inr":56.02681,"jpy":48.86278,"krw":60.38647,"kwd":54.63991,"lkr":56.01994,"ltc":15.13364,"mmk":46.86442,"mxn":48.17348,"myr":54.61929,"nok":66.2395,"nzd":64.92835,"php":51.02989,"pkr":79.1998,"pln":59.54312,"rub":50.32841,"sar":54.6784,"sek":64.78944,"sgd":53.74122,"thb":42.06052,"try":66.34431,"twd":53.34085,"uah":34.53434,"usd":54.82116,"vef":54.80868,"vnd":54.8204,"xag":31.52974,"xau":29.51256,"xdr":56.55346,"xlm":458.8577,"xrp":200.09987,"zar":63.33739},"market_cap_change_24h_in_currency":{"aed":-33066285509.427795,"ars":-530278117251.8633,"aud":-12960274920.457092,"bch":24024713,"bdt":-759694248769.8789,"bhd":-3385553428.380455,"bmd":-9006537915.03212,"bnb":255092140,"brl":-42175575626.08362,"btc":1663,"cad":-12057111575.367401,"chf":-8491780658.011612,"clp":-7119297708339.391,"cny":-62028988767.01172,"czk":-203550613409.21533,"dkk":-58915127066.18848,"eos":1113960094,"eth":23139205,"eur":-7879783597.133743,"gbp":-6416093889.904633,"hkd":-69937566307.74951,"huf":-2567138850248.992,"idr":-127617002526785.75,"ils":-30288002282.410645,"inr":-646961300054.1992,"jpy":-965736921441.2344,"krw":-10313128196732.844,"kwd":-2728924342.179413,"lkr":-1566622601424.3633,"ltc":12247122,"mmk":-13842142728744.844,"mxn":-177409423821.13818,"myr":-36663555321.51227,"nok":-81603974747.83325,"nzd":-14103220841.779144,"php":-455362689074.46094,"pkr":-1393602846440.6172,"pln":-33879559789.90509,"rub":-570801019531.376,"sar":-33765015342.341797,"sek":-90223858525.68628,"sgd":-12077223463.969208,"thb":-272646025286.54932,"try":-49865416412.02966,"twd":-271842901196.03174,"uah":-226020631120.77588,"usd":-9006537915.03212,"vef":-2.238013371260464e+15,"vnd":-207810852801656.0,"xag":-501296089.4158993,"xau":-5993152.57134043,"xdr":-6570642236.026748,"xlm":-26680177257.057617,"xrp":-14067201416.741577,"zar":-135321097818.74121},"market_cap_change_percentage_24h_in_currency":{"aed":-6.51091,"ars":-6.41886,"aud":-6.36874,"bch":3.96103,"bdt":-6.47821,"bhd":-6.49485,"bmd":-6.51345,"bnb":3.09241,"brl":-7.24146,"btc":0.00921,"cad":-6.56242,"chf":-6.19113,"clp":-6.46648,"cny":-6.38178,"czk":-6.38173,"dkk":-6.30959,"eos":2.28656,"eth":2.70631,"eur":-6.30643,"gbp":-5.99448,"hkd":-6.46636,"huf":-6.1597,"idr":-6.54037,"ils":-6.32529,"inr":-6.52193,"jpy":-6.43487,"krw":-6.33595,"kwd":-6.49837,"lkr":-6.30469,"ltc":0.44574,"mmk":-6.60008,"mxn":-6.60863,"myr":-6.36533,"nok":-6.45567,"nzd":-6.53604,"php":-6.47587,"pkr":-6.48338,"pln":-6.30898,"rub":-6.47314,"sar":-6.51176,"sek":-6.76653,"sgd":-6.41127,"thb":-6.53114,"try":-6.32564,"twd":-6.43844,"uah":-6.7623,"usd":-6.51345,"vef":-6.51345,"vnd":-6.46851,"xag":-6.22021,"xau":-6.36652,"xdr":-6.53582,"xlm":-1.15506,"xrp":-2.4681,"zar":-6.64898},"total_supply":21000000.0,"circulating_supply":18061500.0,"last_updated":"2019-11-22T15:50:18.919Z"},"public_interest_stats":{"alexa_rank":12740,"bing_matches":135000000},"status_updates":[],"last_updated":"2019-11-22T15:50:18.919Z"}
